<?xml version="1.0" encoding="UTF-8"?>
<project-private xmlns="http://www.netbeans.org/ns/project-private/1">
    <editor-bookmarks xmlns="http://www.netbeans.org/ns/editor-bookmarks/2" lastBookmarkId="0"/>
    <open-files xmlns="http://www.netbeans.org/ns/projectui-open-files/2">
        <group>
            <file>file:/C:/Users/Nigga%20_Aspiazu/Documents/Ciência%20da%20Computação%20-%206ª%20Semestre/Aplicações%20Orientadas%20a%20Objetos/NetBeans/ConversaoMoeda/src/java/Suporte/Calculo.java</file>
            <file>file:/C:/Users/Nigga%20_Aspiazu/Documents/Ciência%20da%20Computação%20-%206ª%20Semestre/Aplicações%20Orientadas%20a%20Objetos/NetBeans/ConversaoMoeda/src/java/Suporte/Moedas.java</file>
            <file>file:/C:/Users/Nigga%20_Aspiazu/Documents/Ciência%20da%20Computação%20-%206ª%20Semestre/Aplicações%20Orientadas%20a%20Objetos/NetBeans/ConversaoMoeda/web/index.jsp</file>
            <file>file:/C:/Users/Nigga%20_Aspiazu/Documents/Ciência%20da%20Computação%20-%206ª%20Semestre/Aplicações%20Orientadas%20a%20Objetos/NetBeans/ConversaoMoeda/web/recebeCalculo.jsp</file>
        </group>
    </open-files>
</project-private>
